id,BarcodeSequence,LinkerPrimerSequence,Plate,Well,Actual.Contents ,Time,Treatment,faith_pd,pielou_evenness
11,ATCCTTTGGTTC,CCGGACTACHVGGGTWTCTAAT,Plate1,A09,100,0,SHAM + P,13.64435838,0.948315528
47,TAATACGGATCG,CCGGACTACHVGGGTWTCTAAT,Plate1,D09,100,1,SHAM + P,6.589957588,0.948404133
87,CGTAAGATGCCT,CCGGACTACHVGGGTWTCTAAT,Plate1,H01,100,2,SHAM + P,8.336409689,0.962017473
126,ATGTGTGTAGAC,CCGGACTACHVGGGTWTCTAAT,Plate2,C04,100,3,SHAM + P,7.987537023,0.964565677
167,TTAACCTTCCTG,CCGGACTACHVGGGTWTCTAAT,Plate2,F09,100,4,SHAM + P,6.390766633,0.946566639
208,ATGCTGCAACAC,CCGGACTACHVGGGTWTCTAAT,Plate3,B02,100,5,SHAM + P,9.209632223,0.955680488
12,TACAGCGCATAC,CCGGACTACHVGGGTWTCTAAT,Plate1,A10,101,0,SHAM + P,6.759699899,0.944201178
48,TCGGAATTAGAC,CCGGACTACHVGGGTWTCTAAT,Plate1,D10,101,1,SHAM + P,5.479650177,0.93116592
88,GCGTTCTAGCTG,CCGGACTACHVGGGTWTCTAAT,Plate1,H02,101,2,SHAM + P,5.96617758,0.929013461
127,CCTGCGAAGTAT,CCGGACTACHVGGGTWTCTAAT,Plate2,C05,101,3,SHAM + P,9.110309477,0.961016368
168,TGCCGTATGCCA,CCGGACTACHVGGGTWTCTAAT,Plate2,F10,101,4,SHAM + P,9.076120956,0.955459334
209,ACTCGCTCGCTG,CCGGACTACHVGGGTWTCTAAT,Plate3,B03,101,5,SHAM + P,8.750784195,0.957452054
13,ACCGGTATGTAC,CCGGACTACHVGGGTWTCTAAT,Plate1,A11,102,0,SHAM + P,12.42049279,0.953671186
49,TGTGAATTCGGA,CCGGACTACHVGGGTWTCTAAT,Plate1,D11,102,1,SHAM + P,6.870930777,0.945166348
89,GTTGTTCTGGGA,CCGGACTACHVGGGTWTCTAAT,Plate1,H03,102,2,SHAM + P,6.99779169,0.944128332
128,TTCTCTCGACAT,CCGGACTACHVGGGTWTCTAAT,Plate2,C06,102,3,SHAM + P,6.637487114,0.954716934
169,CGTGACAATAGT,CCGGACTACHVGGGTWTCTAAT,Plate2,F11,102,4,SHAM + P,8.166106987,0.961912651
210,TTCCTTAGTAGT,CCGGACTACHVGGGTWTCTAAT,Plate3,B04,102,5,SHAM + P,6.451040451,0.954966793
14,AATTGTGTCGGA,CCGGACTACHVGGGTWTCTAAT,Plate1,A12,103,0,SHAM + P,7.913702965,0.951200503
50,CATTCGTGGCGT,CCGGACTACHVGGGTWTCTAAT,Plate1,D12,103,1,SHAM + P,8.53172621,0.96517752
90,GGACTTCCAGCT,CCGGACTACHVGGGTWTCTAAT,Plate1,H04,103,2,SHAM + P,6.812863458,0.965257255
129,GCTCTCCGTAGA,CCGGACTACHVGGGTWTCTAAT,Plate2,C07,103,3,SHAM + P,6.478766161,0.96241384
170,CGCTACAACTCG,CCGGACTACHVGGGTWTCTAAT,Plate2,F12,103,4,SHAM + P,9.050234589,0.960434361
211,CGTCCGTATGAA,CCGGACTACHVGGGTWTCTAAT,Plate3,B05,103,5,SHAM + P,8.690802549,0.958551347
15,TGCATACACTGG,CCGGACTACHVGGGTWTCTAAT,Plate1,B01,104,0,SHAM + P,8.516148621,0.942714303
91,CTCACAACCGTG,CCGGACTACHVGGGTWTCTAAT,Plate1,H05,104,2,SHAM + P,8.592472211,0.960252306
130,GTTAAGCTGACC,CCGGACTACHVGGGTWTCTAAT,Plate2,C08,104,3,SHAM + P,8.7896339,0.959162449
171,TTAAGACAGTCG,CCGGACTACHVGGGTWTCTAAT,Plate2,G01,104,4,SHAM + P,8.237123806,0.953536977
212,ACGTGAGGAACG,CCGGACTACHVGGGTWTCTAAT,Plate3,B06,104,5,SHAM + P,6.44035617,0.947896699
257,TTGCTGGACGCT,CCGGACTACHVGGGTWTCTAAT,Plate3,F03,105,0,SHAM + P,6.210616733,0.948350086
4,ATCACCAGGTGT,CCGGACTACHVGGGTWTCTAAT,Plate1,A04,105,1,SHAM + P,7.637140088,0.96105891
92,CTGCTATTCCTC,CCGGACTACHVGGGTWTCTAAT,Plate1,H06,105,2,SHAM + P,8.9731735,0.965948179
131,ATGCCATGCCGT,CCGGACTACHVGGGTWTCTAAT,Plate2,C09,105,3,SHAM + P,8.473766935,0.959032439
172,TCTGCACTGAGC,CCGGACTACHVGGGTWTCTAAT,Plate2,G02,105,4,SHAM + P,9.778396033,0.943351054
213,GGTTGCCCTGTA,CCGGACTACHVGGGTWTCTAAT,Plate3,B07,105,5,SHAM + P,8.661556049,0.955542707
16,AGTCGAACGAGG,CCGGACTACHVGGGTWTCTAAT,Plate1,B02,106,0,SHAM + P,7.605798279,0.959573174
52,GGCCAGTTCCTA,CCGGACTACHVGGGTWTCTAAT,Plate1,E02,106,1,SHAM + P,7.596899063,0.957507444
93,ATGTCACCGCTG,CCGGACTACHVGGGTWTCTAAT,Plate1,H07,106,2,SHAM + P,8.027616301,0.960364365
132,GACATTGTCACG,CCGGACTACHVGGGTWTCTAAT,Plate2,C10,106,3,SHAM + P,7.144335003,0.948125361
173,CGCAGATTAGTA,CCGGACTACHVGGGTWTCTAAT,Plate2,G03,106,4,SHAM + P,6.942468072,0.960001283
214,CATATAGCCCGA,CCGGACTACHVGGGTWTCTAAT,Plate3,B08,106,5,SHAM + P,9.021902197,0.955310092
17,ACCAGTGACTCA,CCGGACTACHVGGGTWTCTAAT,Plate1,B03,107,0,SHAM + P,7.557436331,0.960114833
53,GATGTTCGCTAG,CCGGACTACHVGGGTWTCTAAT,Plate1,E03,107,1,SHAM + P,7.644500417,0.95919675
94,TGTAACGCCGAT,CCGGACTACHVGGGTWTCTAAT,Plate1,H08,107,2,SHAM + P,7.873187785,0.96023247
133,GCCAACAACCAT,CCGGACTACHVGGGTWTCTAAT,Plate2,C11,107,3,SHAM + P,7.107775852,0.955864413
174,TGGGTCCCACAT,CCGGACTACHVGGGTWTCTAAT,Plate2,G04,107,4,SHAM + P,7.424287746,0.956960258
215,GCCTATGAGATC,CCGGACTACHVGGGTWTCTAAT,Plate3,B09,107,5,SHAM + P,7.836113496,0.961496184
2,ACGAGACTGATT,CCGGACTACHVGGGTWTCTAAT,Plate1,A02,108,0,SHAM + P,7.943819114,0.963591459
54,CTATCTCCTGTC,CCGGACTACHVGGGTWTCTAAT,Plate1,E04,108,1,SHAM + P,8.499501725,0.958992883
95,AGCAGAACATCT,CCGGACTACHVGGGTWTCTAAT,Plate1,H09,108,2,SHAM + P,8.050417651,0.958279427
134,ATCAGTACTAGG,CCGGACTACHVGGGTWTCTAAT,Plate2,C12,108,3,SHAM + P,8.697212825,0.960913455
175,CACTGGTGCATA,CCGGACTACHVGGGTWTCTAAT,Plate2,G05,108,4,SHAM + P,8.794953331,0.961243219
216,CAAGTGAAGGGA,CCGGACTACHVGGGTWTCTAAT,Plate3,B10,108,5,SHAM + P,7.506558634,0.961157453
18,GAATACCAAGTC,CCGGACTACHVGGGTWTCTAAT,Plate1,B04,109,0,SHAM + P,9.770929746,0.959108148
55,ACTCACAGGAAT,CCGGACTACHVGGGTWTCTAAT,Plate1,E05,109,1,SHAM + P,7.384659599,0.954862179
8,AGCGGAGGTTAG,CCGGACTACHVGGGTWTCTAAT,Plate1,A08,109,2,SHAM + P,7.295391546,0.956370333
135,TCCTCGAGCGAT,CCGGACTACHVGGGTWTCTAAT,Plate2,D01,109,3,SHAM + P,7.741131374,0.95928342
176,AACGTAGGCTCT,CCGGACTACHVGGGTWTCTAAT,Plate2,G06,109,4,SHAM + P,6.869290633,0.958605686
217,CACGTTTATTCC,CCGGACTACHVGGGTWTCTAAT,Plate3,B11,109,5,SHAM + P,8.259438752,0.962094461
19,GTAGATCGTGTA,CCGGACTACHVGGGTWTCTAAT,Plate1,B05,110,0,OVX + P,6.874678909,0.96054788
59,CATCCCTCTACT,CCGGACTACHVGGGTWTCTAAT,Plate1,E09,110,1,OVX + P,8.134228771,0.960826649
96,TGGAGTAGGTGG,CCGGACTACHVGGGTWTCTAAT,Plate1,H10,110,2,OVX + P,9.671364681,0.957221197
136,ACCCAAGCGTTA,CCGGACTACHVGGGTWTCTAAT,Plate2,D02,110,3,OVX + P,10.10345696,0.955636476
177,AGTTGTAGTCCG,CCGGACTACHVGGGTWTCTAAT,Plate2,G07,110,4,OVX + P,8.665035946,0.954068114
218,GCAACGAACGAG,CCGGACTACHVGGGTWTCTAAT,Plate3,B12,110,5,OVX + P,8.202165613,0.953328144
60,TATACCGCTGCG,CCGGACTACHVGGGTWTCTAAT,Plate1,E10,111,1,OVX + P,11.81152473,0.953239935
97,TTGGCTCTATTC,CCGGACTACHVGGGTWTCTAAT,Plate1,H11,111,2,OVX + P,6.552858025,0.954376209
137,TGCAGCAAGATT,CCGGACTACHVGGGTWTCTAAT,Plate2,D03,111,3,OVX + P,8.019463575,0.965536064
178,TCGTCAAACCCG,CCGGACTACHVGGGTWTCTAAT,Plate2,G08,111,4,OVX + P,7.445618586,0.939426471
219,TGACTAATGGCC,CCGGACTACHVGGGTWTCTAAT,Plate3,C01,111,5,OVX + P,7.690762051,0.957249818
21,CATTATGGCGTG,CCGGACTACHVGGGTWTCTAAT,Plate1,B07,112,0,OVX + P,7.970542583,0.968109443
61,AGTTGAGGCATT,CCGGACTACHVGGGTWTCTAAT,Plate1,E11,112,1,OVX + P,7.615937329,0.959044099
7,GTCGTGTAGCCT,CCGGACTACHVGGGTWTCTAAT,Plate1,A07,112,2,OVX + P,8.133838998,0.956327596
138,AGCAACATTGCA,CCGGACTACHVGGGTWTCTAAT,Plate2,D04,112,3,OVX + P,10.3661918,0.959197019
220,CGGGACACCCGA,CCGGACTACHVGGGTWTCTAAT,Plate3,C02,112,5,OVX + P,9.213349939,0.964899891
22,CCAATACGCCTG,CCGGACTACHVGGGTWTCTAAT,Plate1,B08,113,0,OVX + P,8.949202412,0.945963348
62,ACAATAGACACC,CCGGACTACHVGGGTWTCTAAT,Plate1,E12,113,1,OVX + P,9.347254485,0.942680378
99,TACCGCTTCTTC,CCGGACTACHVGGGTWTCTAAT,Plate2,A01,113,2,OVX + P,8.266025678,0.959398027
139,GATGTGGTGTTA,CCGGACTACHVGGGTWTCTAAT,Plate2,D05,113,3,OVX + P,7.398130693,0.964003319
180,TTGATCCGGTAG,CCGGACTACHVGGGTWTCTAAT,Plate2,G10,113,4,OVX + P,5.694175684,0.942403654
221,CTGTCTATACTA,CCGGACTACHVGGGTWTCTAAT,Plate3,C03,113,5,OVX + P,9.280519128,0.959408091
23,GATCTGCGATCC,CCGGACTACHVGGGTWTCTAAT,Plate1,B09,114,0,OVX + P,7.63047822,0.947162191
63,CGGTCAATTGAC,CCGGACTACHVGGGTWTCTAAT,Plate1,F01,114,1,OVX + P,7.379169283,0.958358985
100,TGTGCGATAACA,CCGGACTACHVGGGTWTCTAAT,Plate2,A02,114,2,OVX + P,9.908624262,0.961621168
140,CAGAAATGTGTC,CCGGACTACHVGGGTWTCTAAT,Plate2,D06,114,3,OVX + P,11.30444373,0.956833462
181,CGGGTGTTTGCT,CCGGACTACHVGGGTWTCTAAT,Plate2,G11,114,4,OVX + P,9.056064217,0.961961455
222,TATGCCAGAGAT,CCGGACTACHVGGGTWTCTAAT,Plate3,C04,114,5,OVX + P,7.851425856,0.959302237
1,TCCCTTGTCTCC,CCGGACTACHVGGGTWTCTAAT,Plate1,A01,115,0,OVX + P,7.75489654,0.957331581
64,GTGGAGTCTCAT,CCGGACTACHVGGGTWTCTAAT,Plate1,F02,115,1,OVX + P,6.373005477,0.963930038
101,GATTATCGACGA,CCGGACTACHVGGGTWTCTAAT,Plate2,A03,115,2,OVX + P,8.617721727,0.961547296
141,GTAGAGGTAGAG,CCGGACTACHVGGGTWTCTAAT,Plate2,D07,115,3,OVX + P,10.46445912,0.963972791
182,TTGACCGCGGTT,CCGGACTACHVGGGTWTCTAAT,Plate2,G12,115,4,OVX + P,6.87699775,0.941819637
223,CGTTTGGAATGA,CCGGACTACHVGGGTWTCTAAT,Plate3,C05,115,5,OVX + P,9.617217647,0.960034658
65,GCTCGAAGATTC,CCGGACTACHVGGGTWTCTAAT,Plate1,F03,116,1,OVX + P,7.293392307,0.954326421
102,GCCTAGCCCAAT,CCGGACTACHVGGGTWTCTAAT,Plate2,A04,116,2,OVX + P,7.851268392,0.960276192
142,CGTGATCCGCTA,CCGGACTACHVGGGTWTCTAAT,Plate2,D08,116,3,OVX + P,9.927773402,0.958957731
183,GTGCAACCAATC,CCGGACTACHVGGGTWTCTAAT,Plate2,H01,116,4,OVX + P,8.46913807,0.935489869
224,AAGAACTCATGA,CCGGACTACHVGGGTWTCTAAT,Plate3,C06,116,5,OVX + P,9.321256137,0.964416238
25,CAAACAACAGCT,CCGGACTACHVGGGTWTCTAAT,Plate1,B11,117,0,OVX + P,7.614496017,0.963862484
66,AGGCTTACGTGT,CCGGACTACHVGGGTWTCTAAT,Plate1,F04,117,1,OVX + P,7.021062362,0.962336494
103,GATGTATGTGGT,CCGGACTACHVGGGTWTCTAAT,Plate2,A05,117,2,OVX + P,11.06918593,0.964003422
143,GGTTATTTGGCG,CCGGACTACHVGGGTWTCTAAT,Plate2,D09,117,3,OVX + P,8.123252987,0.965754043
184,GCTTGAGCTTGA,CCGGACTACHVGGGTWTCTAAT,Plate2,H02,117,4,OVX + P,7.693820879,0.949131221
225,TGATATCGTCTT,CCGGACTACHVGGGTWTCTAAT,Plate3,C07,117,5,OVX + P,9.124124711,0.954169796
26,GCAACACCATCC,CCGGACTACHVGGGTWTCTAAT,Plate1,B12,118,0,OVX + P,6.011969399,0.954824722
67,TCTCTACCACTC,CCGGACTACHVGGGTWTCTAAT,Plate1,F05,118,1,OVX + P,6.78747129,0.936340904
104,ACTCCTTGTGTT,CCGGACTACHVGGGTWTCTAAT,Plate2,A06,118,2,OVX + P,9.676631979,0.95756186
144,GGATCGTAATAC,CCGGACTACHVGGGTWTCTAAT,Plate2,D10,118,3,OVX + P,9.098415572,0.964134016
185,CGCTGTGGATTA,CCGGACTACHVGGGTWTCTAAT,Plate2,H03,118,4,OVX + P,9.75542191,0.96267888
226,CGGTGACCTACT,CCGGACTACHVGGGTWTCTAAT,Plate3,C08,118,5,OVX + P,8.732073962,0.959768875
68,ACTTCCAACTTC,CCGGACTACHVGGGTWTCTAAT,Plate1,F06,119,1,OVX + P,7.347417479,0.950238625
105,GTCACGGACATT,CCGGACTACHVGGGTWTCTAAT,Plate2,A07,119,2,OVX + P,7.751899698,0.955956755
145,GCATAGCATCAA,CCGGACTACHVGGGTWTCTAAT,Plate2,D11,119,3,OVX + P,7.610791518,0.958814725
186,CTGTCAGTGACC,CCGGACTACHVGGGTWTCTAAT,Plate2,H04,119,4,OVX + P,8.407964833,0.959961502
227,AATGCGCGTATA,CCGGACTACHVGGGTWTCTAAT,Plate3,C09,119,5,OVX + P,8.092695635,0.960279424
28,CGAGCAATCCTA,CCGGACTACHVGGGTWTCTAAT,Plate1,C02,120,0,SHAM + DHT,7.677198048,0.952921757
69,CTCACCTAGGAA,CCGGACTACHVGGGTWTCTAAT,Plate1,F07,120,1,SHAM + DHT,8.320549668,0.964019887
106,GCGAGCGAAGTA,CCGGACTACHVGGGTWTCTAAT,Plate2,A08,120,2,SHAM + DHT,6.623306342,0.96050727
147,TTAGAGCCATGC,CCGGACTACHVGGGTWTCTAAT,Plate2,E01,120,3,SHAM + DHT,8.467175364,0.956075851
187,ACGATTCGAGTC,CCGGACTACHVGGGTWTCTAAT,Plate2,H05,120,4,SHAM + DHT,7.475033472,0.96172093
228,CTTGATTCTTGA,CCGGACTACHVGGGTWTCTAAT,Plate3,C10,120,5,SHAM + DHT,10.04179042,0.968429706
29,AGTCGTGCACAT,CCGGACTACHVGGGTWTCTAAT,Plate1,C03,121,0,SHAM + DHT,7.442329691,0.966650675
70,GTGTTGTCGTGC,CCGGACTACHVGGGTWTCTAAT,Plate1,F08,121,1,SHAM + DHT,6.77020674,0.948577748
107,ATCTACCGAAGC,CCGGACTACHVGGGTWTCTAAT,Plate2,A09,121,2,SHAM + DHT,8.395889841,0.96279317
148,TGAACCCTATGG,CCGGACTACHVGGGTWTCTAAT,Plate2,E02,121,3,SHAM + DHT,7.432339942,0.963651604
188,GGTTCGGTCCAT,CCGGACTACHVGGGTWTCTAAT,Plate2,H06,121,4,SHAM + DHT,6.874739346,0.961609092
229,GAAATCTTGAAG,CCGGACTACHVGGGTWTCTAAT,Plate3,C11,121,5,SHAM + DHT,7.86496298,0.959589016
30,GTATCTGCGCGT,CCGGACTACHVGGGTWTCTAAT,Plate1,C04,122,0,SHAM + DHT,7.893259512,0.95608049
71,CCACAGATCGAT,CCGGACTACHVGGGTWTCTAAT,Plate1,F09,122,1,SHAM + DHT,7.409893596,0.962082079
108,ACTTGGTGTAAG,CCGGACTACHVGGGTWTCTAAT,Plate2,A10,122,2,SHAM + DHT,8.55029012,0.962627739
189,CTGATCCATCTT,CCGGACTACHVGGGTWTCTAAT,Plate2,H07,122,4,SHAM + DHT,9.003439013,0.95477808
230,GAGATACAGTTC,CCGGACTACHVGGGTWTCTAAT,Plate3,C12,122,5,SHAM + DHT,7.768494431,0.955631518
31,CGAGGGAAAGTC,CCGGACTACHVGGGTWTCTAAT,Plate1,C05,123,0,SHAM + DHT,9.070135155,0.959226238
72,TATCGACACAAG,CCGGACTACHVGGGTWTCTAAT,Plate1,F10,123,1,SHAM + DHT,7.696544734,0.956185478
109,TCTTGGAGGTCA,CCGGACTACHVGGGTWTCTAAT,Plate2,A11,123,2,SHAM + DHT,7.669394231,0.955254286
150,ACAACACTCCGA,CCGGACTACHVGGGTWTCTAAT,Plate2,E04,123,3,SHAM + DHT,8.613642952,0.962892235
190,TATGTGCCGGCT,CCGGACTACHVGGGTWTCTAAT,Plate2,H08,123,4,SHAM + DHT,6.778937932,0.947783138
231,ACGTATTCGAAG,CCGGACTACHVGGGTWTCTAAT,Plate3,D01,123,5,SHAM + DHT,6.518928854,0.955888308
32,CAAATTCGGGAT,CCGGACTACHVGGGTWTCTAAT,Plate1,C06,124,0,SHAM + DHT,7.608192544,0.964178186
73,GATTCCGGCTCA,CCGGACTACHVGGGTWTCTAAT,Plate1,F11,124,1,SHAM + DHT,7.56524138,0.961227907
110,TCACCTCCTTGT,CCGGACTACHVGGGTWTCTAAT,Plate2,A12,124,2,SHAM + DHT,6.40006353,0.958685336
151,CGATGCTGTTGA,CCGGACTACHVGGGTWTCTAAT,Plate2,E05,124,3,SHAM + DHT,8.410203981,0.961565486
191,TGGTCGCATCGT,CCGGACTACHVGGGTWTCTAAT,Plate2,H09,124,4,SHAM + DHT,7.793145798,0.951748036
232,ACCTTACACCTT,CCGGACTACHVGGGTWTCTAAT,Plate3,D02,124,5,SHAM + DHT,7.777848594,0.95508751
33,AGATTGACCAAC,CCGGACTACHVGGGTWTCTAAT,Plate1,C07,125,0,SHAM + DHT,8.342313372,0.959811305
111,GCACACCTGATA,CCGGACTACHVGGGTWTCTAAT,Plate2,B01,125,2,SHAM + DHT,7.268184262,0.956547547
152,ACGACTGCATAA,CCGGACTACHVGGGTWTCTAAT,Plate2,E06,125,3,SHAM + DHT,6.352392207,0.955860374
192,TGTAAGACTTGG,CCGGACTACHVGGGTWTCTAAT,Plate2,H10,125,4,SHAM + DHT,8.515885436,0.966875437
233,TAATCTCGCCGG,CCGGACTACHVGGGTWTCTAAT,Plate3,D03,125,5,SHAM + DHT,16.0736522,0.954502298
34,AGTTACGAGCTA,CCGGACTACHVGGGTWTCTAAT,Plate1,C08,126,0,SHAM + DHT,7.425412199,0.959105676
75,GGTGACTAGTTC,CCGGACTACHVGGGTWTCTAAT,Plate1,G01,126,1,SHAM + DHT,8.251859562,0.958864179
112,GCGACAATTACA,CCGGACTACHVGGGTWTCTAAT,Plate2,B02,126,2,SHAM + DHT,7.044625846,0.947823156
153,ACGCGAACTAAT,CCGGACTACHVGGGTWTCTAAT,Plate2,E07,126,3,SHAM + DHT,6.791938896,0.939790412
193,CGGATCTAGTGT,CCGGACTACHVGGGTWTCTAAT,Plate2,H11,126,4,SHAM + DHT,9.350527103,0.960892472
234,ATCTAGTGGCAA,CCGGACTACHVGGGTWTCTAAT,Plate3,D04,126,5,SHAM + DHT,9.740175059,0.957422017
35,GCATATGCACTG,CCGGACTACHVGGGTWTCTAAT,Plate1,C09,127,0,SHAM + DHT,6.645342038,0.95829278
76,ATGGGTTCCGTC,CCGGACTACHVGGGTWTCTAAT,Plate1,G02,127,1,SHAM + DHT,8.472114951,0.951195862
113,TCATGCTCCATT,CCGGACTACHVGGGTWTCTAAT,Plate2,B03,127,2,SHAM + DHT,8.00025278,0.957702996
154,AGCTATGTATGG,CCGGACTACHVGGGTWTCTAAT,Plate2,E08,127,3,SHAM + DHT,8.403614603,0.957308389
195,AGCCTTCGTCGC,CCGGACTACHVGGGTWTCTAAT,Plate3,A01,127,4,SHAM + DHT,8.5715538,0.966767069
235,ACGCTTAACGAC,CCGGACTACHVGGGTWTCTAAT,Plate3,D05,127,5,SHAM + DHT,8.143285971,0.953704012
36,CAACTCCCGTGA,CCGGACTACHVGGGTWTCTAAT,Plate1,C10,128,0,SHAM + DHT,9.667374188,0.960922856
77,TAGGCATGCTTG,CCGGACTACHVGGGTWTCTAAT,Plate1,G03,128,1,SHAM + DHT,8.577771232,0.954814272
114,AGCTGTCAAGCT,CCGGACTACHVGGGTWTCTAAT,Plate2,B04,128,2,SHAM + DHT,9.443552725,0.953501223
155,ACGGGTCATCAT,CCGGACTACHVGGGTWTCTAAT,Plate2,E09,128,3,SHAM + DHT,8.326892267,0.943529651
196,TCCATACCGGAA,CCGGACTACHVGGGTWTCTAAT,Plate3,A02,128,4,SHAM + DHT,8.461407048,0.964983348
236,TACGGATTATGG,CCGGACTACHVGGGTWTCTAAT,Plate3,D06,128,5,SHAM + DHT,8.013842693,0.95072131
37,TTGCGTTAGCAG,CCGGACTACHVGGGTWTCTAAT,Plate1,C11,129,0,SHAM + DHT,5.609626048,0.946541588
78,AACTAGTTCAGG,CCGGACTACHVGGGTWTCTAAT,Plate1,G04,129,1,SHAM + DHT,8.597403287,0.955219939
115,GAGAGCAACAGA,CCGGACTACHVGGGTWTCTAAT,Plate2,B05,129,2,SHAM + DHT,10.65066176,0.956719711
156,GAAACATCCCAC,CCGGACTACHVGGGTWTCTAAT,Plate2,E10,129,3,SHAM + DHT,11.45036991,0.936642948
197,AGCCCTGCTACA,CCGGACTACHVGGGTWTCTAAT,Plate3,A03,129,4,SHAM + DHT,9.2080847,0.96015233
237,ATACATGCAAGA,CCGGACTACHVGGGTWTCTAAT,Plate3,D07,129,5,SHAM + DHT,9.342566019,0.963006061
38,TACGAGCCCTAA,CCGGACTACHVGGGTWTCTAAT,Plate1,C12,130,0,OVX + DHT,6.497599686,0.951286505
79,ATTCTGCCGAAG,CCGGACTACHVGGGTWTCTAAT,Plate1,G05,130,1,OVX + DHT,7.836248887,0.957130291
116,TACTCGGGAACT,CCGGACTACHVGGGTWTCTAAT,Plate2,B06,130,2,OVX + DHT,7.056253474,0.951416763
157,CGTACTCTCGAG,CCGGACTACHVGGGTWTCTAAT,Plate2,E11,130,3,OVX + DHT,8.432167498,0.962384803
238,CTTAGTGCAGAA,CCGGACTACHVGGGTWTCTAAT,Plate3,D08,130,5,OVX + DHT,9.578878885,0.964509731
39,CACTACGCTAGA,CCGGACTACHVGGGTWTCTAAT,Plate1,D01,131,0,OVX + DHT,6.754267765,0.961615805
80,AGCATGTCCCGT,CCGGACTACHVGGGTWTCTAAT,Plate1,G06,131,1,OVX + DHT,7.180852455,0.922682784
117,CGTGCTTAGGCT,CCGGACTACHVGGGTWTCTAAT,Plate2,B07,131,2,OVX + DHT,8.120706173,0.959990854
158,TCAGTTCTCGTT,CCGGACTACHVGGGTWTCTAAT,Plate2,E12,131,3,OVX + DHT,6.480644622,0.957555035
199,CGCGCCTTAAAC,CCGGACTACHVGGGTWTCTAAT,Plate3,A05,131,4,OVX + DHT,7.579117267,0.961289501
239,AATCTTGCGCCG,CCGGACTACHVGGGTWTCTAAT,Plate3,D09,131,5,OVX + DHT,14.55276194,0.964243954
40,TGCAGTCCTCGA,CCGGACTACHVGGGTWTCTAAT,Plate1,D02,132,0,OVX + DHT,7.463842992,0.958686081
5,TGGTCAACGATA,CCGGACTACHVGGGTWTCTAAT,Plate1,A05,132,1,OVX + DHT,7.634591995,0.955625895
118,TACCGAAGGTAT,CCGGACTACHVGGGTWTCTAAT,Plate2,B08,132,2,OVX + DHT,8.552267408,0.948438537
159,TCGTGCGTGTTG,CCGGACTACHVGGGTWTCTAAT,Plate2,F01,132,3,OVX + DHT,8.431758566,0.925274041
240,AGGATCAGGGAA,CCGGACTACHVGGGTWTCTAAT,Plate3,D10,132,5,OVX + DHT,8.351704815,0.964790335
41,ACCATAGCTCCG,CCGGACTACHVGGGTWTCTAAT,Plate1,D03,133,0,OVX + DHT,8.190044678,0.950246034
81,GTACGATATGAC,CCGGACTACHVGGGTWTCTAAT,Plate1,G07,133,1,OVX + DHT,7.242820684,0.96079274
119,CACTCATCATTC,CCGGACTACHVGGGTWTCTAAT,Plate2,B09,133,2,OVX + DHT,8.591160121,0.958409667
160,GTTATCGCATGG,CCGGACTACHVGGGTWTCTAAT,Plate2,F02,133,3,OVX + DHT,7.572629852,0.954321138
201,TACAATATCTGT,CCGGACTACHVGGGTWTCTAAT,Plate3,A07,133,4,OVX + DHT,7.404210193,0.949723899
241,AATAACTAGGGT,CCGGACTACHVGGGTWTCTAAT,Plate3,D11,133,5,OVX + DHT,8.8395884,0.943873755
42,TCGACATCTCTT,CCGGACTACHVGGGTWTCTAAT,Plate1,D04,134,0,OVX + DHT,7.009069107,0.939386616
82,GTGGTGGTTTCC,CCGGACTACHVGGGTWTCTAAT,Plate1,G08,134,1,OVX + DHT,10.86483948,0.962663492
120,GTATTTCGGACG,CCGGACTACHVGGGTWTCTAAT,Plate2,B10,134,2,OVX + DHT,8.066445008,0.956796825
161,GATCACGAGAGG,CCGGACTACHVGGGTWTCTAAT,Plate2,F03,134,3,OVX + DHT,8.058527014,0.960254362
202,AATTTAGGTAGG,CCGGACTACHVGGGTWTCTAAT,Plate3,A08,134,4,OVX + DHT,7.676821536,0.960944318
43,GAACACTTTGGA,CCGGACTACHVGGGTWTCTAAT,Plate1,D05,135,0,OVX + DHT,6.410544691,0.968734508
6,ATCGCACAGTAA,CCGGACTACHVGGGTWTCTAAT,Plate1,A06,135,1,OVX + DHT,8.061029511,0.958569726
121,TATCTATCCTGC,CCGGACTACHVGGGTWTCTAAT,Plate2,B11,135,2,OVX + DHT,10.02647429,0.945455458
162,GTAAATTCAGGC,CCGGACTACHVGGGTWTCTAAT,Plate2,F04,135,3,OVX + DHT,9.008446716,0.951661577
203,GACTCAACCAGT,CCGGACTACHVGGGTWTCTAAT,Plate3,A09,135,4,OVX + DHT,7.804934506,0.962645873
243,TGATGTGCTAAG,CCGGACTACHVGGGTWTCTAAT,Plate3,E01,135,5,OVX + DHT,8.025068306,0.961507694
44,GAGCCATCTGTA,CCGGACTACHVGGGTWTCTAAT,Plate1,D06,136,0,OVX + DHT,6.893862439,0.956422615
83,TAGTATGCGCAA,CCGGACTACHVGGGTWTCTAAT,Plate1,G09,136,1,OVX + DHT,6.942304463,0.95698745
122,TTGCCAAGAGTC,CCGGACTACHVGGGTWTCTAAT,Plate2,B12,136,2,OVX + DHT,7.008085345,0.956243081
163,AGTGTTTCGGAC,CCGGACTACHVGGGTWTCTAAT,Plate2,F05,136,3,OVX + DHT,9.90015731,0.957591276
204,GCCTCTACGTCG,CCGGACTACHVGGGTWTCTAAT,Plate3,A10,136,4,OVX + DHT,6.737003093,0.953742685
244,GTAGTAGACCAT,CCGGACTACHVGGGTWTCTAAT,Plate3,E02,136,5,OVX + DHT,8.17542109,0.957389885
45,TTGGGTACACGT,CCGGACTACHVGGGTWTCTAAT,Plate1,D07,137,0,OVX + DHT,4.344440086,0.936249379
84,TGCGCTGAATGT,CCGGACTACHVGGGTWTCTAAT,Plate1,G10,137,1,OVX + DHT,7.186205652,0.954697432
255,TGTGCACGCCAT,CCGGACTACHVGGGTWTCTAAT,Plate3,F01,137,2,OVX + DHT,7.137893017,0.960044151
164,ACACGCGGTTTA,CCGGACTACHVGGGTWTCTAAT,Plate2,F06,137,3,OVX + DHT,9.763595776,0.967811618
205,ACTACTGAGGAT,CCGGACTACHVGGGTWTCTAAT,Plate3,A11,137,4,OVX + DHT,6.905615983,0.95441554
245,AGTAAAGATCGT,CCGGACTACHVGGGTWTCTAAT,Plate3,E03,137,5,OVX + DHT,9.082727803,0.967059342
3,GCTGTACGGATT,CCGGACTACHVGGGTWTCTAAT,Plate1,A03,138,0,OVX + DHT,6.405223614,0.943631857
85,ATGGCTGTCAGT,CCGGACTACHVGGGTWTCTAAT,Plate1,G11,138,1,OVX + DHT,10.01109068,0.963353485
248,ACATACTGAGCA,CCGGACTACHVGGGTWTCTAAT,Plate3,E06,138,2,OVX + DHT,7.149004953,0.96107401
165,TGGCAAATCTAG,CCGGACTACHVGGGTWTCTAAT,Plate2,F07,138,3,OVX + DHT,6.618516134,0.963473925
206,AATTCACCTCCT,CCGGACTACHVGGGTWTCTAAT,Plate3,A12,138,4,OVX + DHT,8.679472471,0.950036912
246,CTCGCCCTCGCC,CCGGACTACHVGGGTWTCTAAT,Plate3,E04,138,5,OVX + DHT,9.14975636,0.966637879
46,AAGGCGCTCCTT,CCGGACTACHVGGGTWTCTAAT,Plate1,D08,139,0,OVX + DHT,7.703581163,0.959265205
86,GTTCTCTTCTCG,CCGGACTACHVGGGTWTCTAAT,Plate1,G12,139,1,OVX + DHT,7.676800297,0.956610398
125,CATACCGTGAGT,CCGGACTACHVGGGTWTCTAAT,Plate2,C03,139,2,OVX + DHT,8.197531498,0.963446138
166,CACCTTACCTTA,CCGGACTACHVGGGTWTCTAAT,Plate2,F08,139,3,OVX + DHT,8.771108151,0.964003011
207,CGTATAAATGCG,CCGGACTACHVGGGTWTCTAAT,Plate3,B01,139,4,OVX + DHT,7.670062315,0.956819284
247,TCTCTTTCGACA,CCGGACTACHVGGGTWTCTAAT,Plate3,E05,139,5,OVX + DHT,7.565423351,0.945965736
